{
  "package": "potato_v1",
  "crop_family": "potato",
  "dataset_root": "C:\\Users\\Admas\\AppData\\Local\\Temp\\smart_farm_dataset_124ppcyp",
  "class_names": [
    "Potato___Early_blight",
    "Potato___Late_blight",
    "Potato___healthy"
  ],
  "image_size": 224,
  "batch_size": 32,
  "backbone": "efficientnetb0",
  "epochs_head": 8,
  "epochs_finetune": 4,
  "epochs_field_finetune": 4,
  "validation_split": 0.2,
  "fine_tune_root": null,
  "val_loss": 0.05663103982806206,
  "val_accuracy": 0.9883720874786377,
  "history_head": {
    "loss": [
      0.48087045550346375,
      0.21556729078292847,
      0.1462632268667221,
      0.1148318499326706,
      0.1024310514330864,
      0.08431244641542435,
      0.07760543376207352,
      0.07185304164886475
    ],
    "accuracy": [
      0.8403019905090332,
      0.9396051168441772,
      0.9680603742599487,
      0.9709640145301819,
      0.9732868671417236,
      0.9808362126350403,
      0.9802555441856384,
      0.9825783967971802
    ],
    "val_loss": [
      0.29094141721725464,
      0.19641876220703125,
      0.15070316195487976,
      0.13097301125526428,
      0.11210326850414276,
      0.10775876045227051,
      0.092096246778965,
      0.08304960280656815
    ],
    "val_accuracy": [
      0.8999999761581421,
      0.9488372206687927,
      0.9697674512863159,
      0.9767441749572754,
      0.9767441749572754,
      0.9790697693824768,
      0.9813953638076782,
      0.9813953638076782
    ]
  },
  "history_finetune": {
    "loss": [
      0.054839324206113815,
      0.04523087292909622,
      0.039904627948999405,
      0.03310498967766762
    ],
    "accuracy": [
      0.9901277422904968,
      0.9895470142364502,
      0.9901277422904968,
      0.9918699264526367
    ],
    "val_loss": [
      0.06534817069768906,
      0.05663103610277176,
      0.05309698358178139,
      0.04554720222949982
    ],
    "val_accuracy": [
      0.9860464930534363,
      0.9883720874786377,
      0.9860464930534363,
      0.9883720874786377
    ]
  },
  "history_field_finetune": {}
}