{
  "package": "pepper_v1",
  "crop_family": "pepper",
  "dataset_root": "C:\\Users\\Admas\\AppData\\Local\\Temp\\smart_farm_dataset_dk_eptea",
  "class_names": [
    "Pepper__bell___Bacterial_spot",
    "Pepper__bell___healthy"
  ],
  "image_size": 224,
  "batch_size": 32,
  "backbone": "efficientnetb0",
  "epochs_head": 8,
  "epochs_finetune": 4,
  "epochs_field_finetune": 4,
  "validation_split": 0.2,
  "fine_tune_root": null,
  "val_loss": 0.07457435876131058,
  "val_accuracy": 0.9959595799446106,
  "history_head": {
    "loss": [
      0.407179594039917,
      0.19824948906898499,
      0.15648165345191956,
      0.1266212910413742,
      0.11023261398077011,
      0.09616649895906448,
      0.0871320441365242,
      0.08520178496837616
    ],
    "accuracy": [
      0.834343433380127,
      0.9439393877983093,
      0.955050528049469,
      0.9641414284706116,
      0.9651514887809753,
      0.9707070589065552,
      0.9777777791023254,
      0.976262629032135
    ],
    "val_loss": [
      0.20496104657649994,
      0.13295938074588776,
      0.10884274542331696,
      0.0982900857925415,
      0.0902276337146759,
      0.07457435876131058,
      0.0674811527132988,
      0.0743512362241745
    ],
    "val_accuracy": [
      0.9717171788215637,
      0.9757575988769531,
      0.9878787994384766,
      0.9878787994384766,
      0.991919219493866,
      0.9959595799446106,
      0.9959595799446106,
      0.9898989796638489
    ]
  },
  "history_finetune": {
    "loss": [
      0.06832033395767212,
      0.05576334148645401,
      0.05180766060948372,
      0.03812019154429436
    ],
    "accuracy": [
      0.9777777791023254,
      0.9828282594680786,
      0.9813131093978882,
      0.9898989796638489
    ],
    "val_loss": [
      0.047025080770254135,
      0.04043795168399811,
      0.03765159472823143,
      0.03686293214559555
    ],
    "val_accuracy": [
      0.9959595799446106,
      0.991919219493866,
      0.991919219493866,
      0.991919219493866
    ]
  },
  "history_field_finetune": {}
}